{
  "name": "my-loading-screen",
  "title": "Custom Loading Screen",
  "description": "Красивый загрузочный экран при переходе между сценами",
  "version": "1.0.0",
  "author": "Kir",
  "authors": [
    {
      "name": "Kir",
      "url": "https://github.com/Kirsard"
    }
  ],
  "minimumCoreVersion": "13",
  "compatibleCoreVersion": "13",
  "scripts": ["scripts/main.js"],
  "styles": ["styles/loading.css"],
  "esmodules": ["scripts/main.js"],
  "languages": [
    {
      "lang": "en",
      "name": "English",
      "path": "lang/en.json"
    },
    {
      "lang": "ru",
      "name": "Russian",
      "path": "lang/ru.json"
    }
  ],
  "manifestPlusVersion": "2.2.0",
  "url": "https://github.com/Kirsard/my-loading-screen",
  "manifest": "https://raw.githubusercontent.com/Kirsard/my-loading-screen/main/module.json",
  "download": "https://github.com/Kirsard/my-loading-screen/releases/latest/download/module.zip",
  "readme": "https://github.com/Kirsard/my-loading-screen/blob/main/README.md",
  "bugs": "https://github.com/Kirsard/my-loading-screen/issues",
  "license": "MIT",
  "changelog": "https://github.com/Kirsard/my-loading-screen/blob/main/CHANGELOG.md"
}